applicant_id,predicted_revenue
100,6485.252989342169
256,5949.154541877853
431,5282.005919958428
199,4735.104833862764
154,4656.904732444126
424,4652.307083953558
45,4573.05312951393
81,4438.394607312606
179,4396.954680190583
253,4341.03724533216
270,4004.166846316998
379,3820.5783991478497
85,3714.0092916492963
342,3686.900859352232
48,3669.262192313922
117,3517.0754037425363
190,3467.972791586298
74,3466.3331294815903
8,3345.8085220874527
84,3338.706604792066
254,3273.8975201853027
334,3263.549291355358
78,3227.5872037398613
25,3191.4594459683035
98,3148.2834743285657
96,3034.507388293481
58,2982.9260347455197
124,2903.595900997543
495,2871.408577752082
175,2851.7557063167906
460,2806.9344269543026
307,2802.6227716195326
31,2792.731820203532
475,2763.9243860200813
341,2758.103337398494
473,2739.5871968005054
405,2719.2095734805043
373,2702.601827851307
361,2682.9520891509774
170,2669.5838217197215
496,2628.6313597856306
162,2604.491937241163
104,2585.8327018774635
209,2581.916532648722
463,2552.552777249618
490,2509.382822788273
277,2481.295001471137
436,2472.1036295184376
174,2469.6826309214125
472,2438.012904758622
153,2437.4724440836844
158,2432.5739171647797
163,2429.7886546020914
77,2403.6331861252474
201,2396.4598372002974
391,2395.0317585615007
371,2370.2392611721793
264,2361.679140258317
15,2361.134627842397
265,2349.954779246473
260,2345.9812689488735
481,2345.9381045713562
53,2325.0960779740126
240,2323.496412199435
288,2313.0392345832342
132,2305.3967303871345
160,2303.340333660656
458,2301.9540658843125
448,2298.843791581428
192,2294.7148488969865
191,2284.453853959626
304,2283.143722129352
449,2280.1595015351313
494,2271.6901137622795
121,2271.503471636756
149,2269.49862175103
459,2260.9115455387223
75,2260.762524293018
317,2259.2454124687843
1,2253.4028965681673
388,2245.95202756387
7,2237.3844910278767
328,2234.3528037779615
71,2220.408084385896
64,2217.4423171673625
437,2217.2317716481093
66,2216.996052914128
476,2216.2393248114363
433,2216.2297635064415
274,2215.348889096406
50,2214.8933595407625
105,2211.2169543145783
350,2207.7524160714242
223,2205.994174617672
262,2197.7724992160765
210,2191.9722721153234
498,2191.5906900592327
464,2187.1103101173976
303,2186.892313423917
205,2184.496830449743
102,2182.899150624346
150,2182.1012623586994
237,2172.3685599695937
410,2170.560921229324
358,2168.6454741568264
152,2163.557807498102
299,2162.393466252106
178,2160.7727864575504
68,2147.3183924133773
251,2146.60288530861
155,2145.0674551378306
453,2142.976933178412
338,2140.229918244024
456,2134.070445889704
217,2131.586820324283
171,2130.9341029381935
267,2128.2754034842137
0,2125.7757780072343
140,2125.1269203190523
400,2123.627296575197
349,2122.314950543001
295,2121.9721297812666
402,2119.0331421758015
184,2113.5492739172387
196,2107.5519821023277
62,2104.7133060804344
246,2101.3304098164303
323,2100.9465786323
146,2097.9937463169263
306,2094.00117275884
91,2092.9122311104034
38,2092.046611699347
491,2089.9773585798466
55,2088.449876484454
215,2078.857248226304
484,2072.1141308082806
443,2067.4738396306893
67,2064.0997339721725
357,2063.163001429648
54,2060.6832943635427
465,2060.3664913926004
335,2059.7894670329492
139,2059.504067349221
426,2058.831629949834
208,2058.2633675469465
291,2056.2230130351873
353,2052.3634395104687
122,2052.0031680489674
119,2051.289048999102
368,2049.2839507431618
183,2048.4880726838423
218,2046.267174907939
198,2042.0576336668573
143,2041.8171728447323
181,2040.7470484050107
292,2040.5613460731754
474,2035.978106060379
202,2035.6474385119966
439,2034.6238953209038
252,2031.9586282170744
497,2031.6166426338139
103,2031.057702675267
52,2030.301366250668
450,2030.2742608922447
423,2029.4965274059628
236,2028.1017978994585
340,2026.3270619543982
222,2023.2359874759068
280,2021.3126713955394
24,2018.4568771962918
193,2013.408853760487
92,2012.9165411360507
401,2011.4298801277987
343,2011.2111376378748
249,2011.0321180124402
329,2005.0163219639794
43,2004.8991592868683
451,2004.5075760606142
141,2002.676019764776
242,1998.958507442844
394,1997.3028550399567
126,1995.211353367316
26,1994.5377785041378
165,1994.3419987475088
393,1992.2188652382122
94,1987.4552518675669
275,1985.9764385639855
30,1984.502837624508
14,1976.2057112276398
483,1975.923713482778
172,1975.1734626075245
19,1975.0535471204566
308,1973.7053965429536
404,1973.6146451726358
120,1971.1507281776398
147,1969.768389172363
454,1968.5009814903897
142,1965.5720726749325
235,1965.3546169673702
360,1964.769620684906
455,1964.2404773562903
90,1957.4375559239952
185,1955.3867605808196
72,1951.8740726228248
416,1949.1436579086558
315,1948.2222491092487
221,1943.4972938808942
261,1943.4940580963093
115,1942.2914352748353
493,1942.2321743397845
263,1941.294860345286
211,1936.4452048122187
296,1934.6358191446202
230,1933.6189933460164
197,1930.7042835813068
369,1925.1940980823545
224,1922.3387342429896
316,1919.6073958476973
69,1908.096244031578
229,1907.2973064324015
321,1906.260925414175
399,1904.7300540213841
375,1904.5716372797092
234,1902.0611085681244
180,1898.5708627703016
386,1898.12903011801
326,1895.531263958415
248,1893.9284500101296
327,1893.6470624411422
21,1893.600118406291
284,1893.4435333977522
282,1892.0709061267721
127,1887.728212643169
213,1886.5529873085911
408,1885.9151314470846
61,1885.0874995998486
398,1884.3074066926006
80,1882.993538015207
297,1881.563159033511
114,1881.297376839397
348,1879.5965258012588
182,1878.9304642224863
462,1873.4052834185431
272,1873.3503708491737
354,1873.3172420516976
33,1863.7888443675986
414,1863.2160965978587
123,1861.0721939195291
131,1860.2738059617895
457,1856.192810995305
396,1853.4965862652202
109,1853.4808623773997
367,1852.9994419853376
79,1851.5303438561482
486,1850.793297054733
83,1850.3772441078354
169,1849.2303966528293
298,1846.0670450138387
359,1844.3335944310081
27,1839.653869694296
113,1836.1272737076367
287,1831.908879136991
212,1827.7269085884323
227,1825.1065548455842
255,1822.2091819021184
428,1820.1617094367691
372,1817.254279397208
70,1816.5893347532467
176,1814.792437966346
106,1810.7639155604604
46,1810.7505822727817
245,1808.7257356061828
166,1806.514138476953
417,1806.3334223854288
281,1805.8445297213957
478,1802.3424145311726
239,1801.5601043054744
336,1800.918466533506
173,1800.4090719768578
285,1797.1578096957528
378,1796.850916581547
344,1796.1577603643143
161,1795.8293619908015
322,1795.6112914397318
461,1794.0936446914206
452,1793.333814165365
233,1792.9351445399852
86,1790.2135062154614
60,1789.191326895891
290,1786.7936752673954
107,1781.0452831418945
422,1777.5093432279068
385,1776.0142796463108
384,1774.068238903008
159,1771.4250128555848
345,1770.9889496337435
365,1770.3990371438022
362,1769.0375367465685
95,1768.2962113771957
259,1763.906258475436
3,1762.8297283933625
438,1762.728555093925
29,1759.7401146727368
220,1749.2600866817083
13,1742.8247396072304
427,1741.541614616102
469,1736.7304950315824
278,1725.7615654157912
125,1720.3505905943318
444,1717.1293227810866
286,1716.7312415179813
207,1713.4714192292854
413,1712.0765949389256
318,1710.5292301214881
97,1708.627629522002
250,1707.6450963775173
309,1707.0786854787398
23,1706.737933233046
243,1701.7041776813326
136,1699.3572811832375
447,1699.144577210916
195,1698.7566056890244
406,1692.739311375977
445,1690.009043982677
18,1688.9739936694152
133,1688.3468487030293
194,1684.9929064249195
188,1684.7928759066265
112,1681.4584588553728
257,1680.0272037950745
118,1679.1737486022112
314,1678.761303251472
214,1669.1669464932786
383,1668.2794046566873
135,1664.2324878565194
339,1662.8239871270123
42,1658.8972980585563
468,1658.181944130902
41,1656.9611647176025
377,1656.3302549536397
333,1653.7549802167132
56,1651.9888722719706
144,1649.6355380384812
347,1648.8928422469094
10,1640.7127862441298
156,1635.4717181106862
9,1630.8363193501903
363,1628.022856956785
12,1626.2160812093803
305,1626.1704799995614
268,1622.9723713964875
76,1621.8669080105108
5,1619.3185530223336
429,1601.637521276917
346,1601.4152527096921
435,1600.6897159372384
88,1597.2534811533333
231,1591.4464031497405
17,1589.8298221515586
390,1577.5998368852422
467,1575.0147553317963
6,1571.4484943780665
294,1561.1204157996947
51,1560.2836727626689
442,1558.7091125781153
129,1554.8598358848958
488,1552.2684589054456
480,1552.1728671368223
482,1549.8045856225444
432,1547.9002363611887
325,1546.815092012067
4,1542.6639120079876
101,1540.182495874017
89,1539.6098739366612
381,1537.2287965795265
415,1536.2267312341446
366,1529.769956678371
279,1523.2914241723588
418,1509.5446990779194
157,1503.8552305932913
108,1502.9868110502434
499,1501.5184629348466
99,1482.1781486439536
11,1480.6337409380058
471,1479.365995890389
487,1477.3703178937037
446,1471.6950872111352
310,1468.0383202188127
225,1467.41105332001
374,1456.1451926937668
397,1453.5040277144446
167,1452.5837405566901
128,1449.9507878975276
130,1447.324649765895
232,1433.7206370476233
36,1432.8126700092353
241,1427.514586553731
419,1427.0347929491172
313,1423.8897737031782
219,1423.549975312535
403,1415.458227090549
434,1414.0528909407726
228,1410.8077213342042
320,1407.0573828256793
409,1407.0573828256793
269,1390.5132411494112
330,1386.6688273032823
189,1380.9797060226679
39,1372.4015606765151
420,1371.6939064939804
47,1369.51896892574
164,1361.6052842415309
370,1350.4694809324365
44,1350.435489842124
411,1347.6872798852419
187,1344.3900760977263
492,1341.55696567427
289,1340.116868765294
421,1333.047017225685
311,1333.047017225685
407,1332.4035190171542
35,1315.6114944281687
266,1305.0650744929985
145,1298.724161227759
425,1286.1498136428531
49,1285.3280097198535
351,1275.0232198547158
32,1249.4184118401533
441,1235.7029091438962
312,1229.3178155423238
466,1226.8425896616889
382,1225.821653476391
28,1217.1727822660703
65,1213.4946650856693
337,1208.6259807864958
319,1201.788921046712
352,1174.4551785566493
300,1164.4711456045488
22,1132.2381979472857
395,1125.8097346938805
293,1114.6407701681674
477,1113.7524572370833
200,1098.915156649693
34,1087.905578708781
380,1083.4608864151373
87,1070.6991733646535
355,1063.3760544170837
301,1031.6817198497538
203,1020.8491639579793
40,1015.3924178621378
82,989.5563703493362
148,988.0539461508428
376,979.5214702073924
276,949.5578127907154
302,946.0864770984545
63,934.6104032768819
440,845.0816155054744
430,835.4503364896678
20,827.6197976761066
151,820.3524644892728
57,785.804086850147
93,744.4264215975438
73,732.7582357161687
111,712.2951645043105
389,692.9727771623411
247,690.108100554047
387,683.9518988175621
283,610.481234691475
271,577.7177529263932
332,570.7986107991967
37,530.3896001545396
138,448.2400160128965
110,195.2254343499535
168,129.1554565191518
177,90.86052951923284
16,50.03493027064064
489,3.727710098311036
238,-6.78374984412244
2,-22.878184477137893
331,-116.71802512087788
137,-160.95652984781054
204,-226.3678843227333
324,-279.10866348507625
479,-295.0168088873261
470,-323.9756729616047
216,-402.77963987475823
392,-480.9020032527194
412,-501.01554660297234
356,-546.042575201868
116,-594.7265354073318
273,-709.903501117954
364,-723.4141589909127
206,-739.4617304371022
134,-806.8683979961124
258,-905.7517080727021
485,-1023.7045299046549
244,-1250.9764794406851
59,-1561.2135313655986
186,-2281.018681890355
226,-2540.6528527244914
